sentiment_label,engagement_rate
negative,0.657409745576318
positive,0.4152940587271197
neutral,0.22824852472277923
